云南省,临沧市,临沧
全球,中国,中国
全球,丹麦,丹麦
全球,伊朗,伊朗
全球,克罗地亚,克罗地亚
全球,刚果（金）,刚果（金）
全球,卢旺达,卢旺达
全球,危地马拉,危地马拉
全球,哥伦比亚,哥伦比亚
全球,哥斯达黎加,哥斯达黎加
全球,多米尼克,多米尼克
全球,多米尼加,多米尼加
全球,巴西,巴西
全球,布基纳法索,布基纳法索
全球,所罗门群岛,所罗门群岛
全球,新加坡,新加坡
全球,津巴布韦,津巴布韦
全球,瑞典,瑞典
全球,罗马尼亚,罗马尼亚
全球,芬兰,芬兰
全球,英国,英国
全球,越南,越南
全球,韩国,韩国
全球,马来西亚,马来西亚
全球,马耳他,马耳他
全球,马里,马里
内蒙古自治区,阿拉善盟,阿拉善盟
台湾省,新北市,新北
吉林省,延边朝鲜族自治州,延边朝鲜族自治州
四川省,巴中市,巴中
四川省,广安市,广安
四川省,资阳市,资阳
天津市,天津市,天津
宁夏回族自治区,银川市,银川
安徽省,芜湖市,芜湖
广东省,惠州市,惠州
广东省,梅州市,梅州
广西壮族自治区,桂林市,桂林
广西壮族自治区,贵港市,贵港
广西壮族自治区,防城港市,防城港
新疆维吾尔自治区,北屯市,北屯
新疆维吾尔自治区,喀什地区,喀什
新疆维吾尔自治区,巴音郭楞蒙古自治州,巴音郭楞蒙古自治州
新疆维吾尔自治区,新疆维吾尔自治区,新疆维吾尔自治区
江苏省,泰州市,泰州
江西省,吉安市,吉安
河北省,承德市,承德
浙江省,湖州市,湖州
海南省,五指山市,五指山
海南省,屯昌县,屯昌县
海南省,陵水黎族自治县,陵水黎族自治县
湖南省,湘潭市,湘潭
甘肃省,兰州市,兰州
甘肃省,白银市,白银
福建省,三明市,三明
福建省,南平市,南平
福建省,莆田市,莆田
西藏自治区,日喀则市,日喀则
陕西省,安康市,安康
陕西省,渭南市,渭南
青海省,黄南藏族自治州,黄南
云南省,怒江傈僳族自治州,怒江
全球,乌克兰,乌克兰
全球,亚太地区,亚太
全球,几内亚,几内亚
全球,刚果（布）,刚果（布）
全球,利比里亚,利比里亚
全球,南苏丹,南苏丹
全球,卡塔尔,卡塔尔
全球,古巴,古巴
全球,吉布提,吉布提
全球,多哥,多哥
全球,意大利,意大利
全球,爱尔兰,爱尔兰
全球,老挝,老挝
全球,莫桑比克,莫桑比克
全球,阿曼,阿曼
全球,马其顿,马其顿
全球,黑山,黑山
内蒙古自治区,兴安盟,兴安盟
安徽省,宣城市,宣城
山东省,烟台市,烟台
山西省,晋城市,晋城
广东省,揭阳市,揭阳
广东省,清远市,清远
广西壮族自治区,广西壮族自治区,广西壮族自治区
广西壮族自治区,河池市,河池
新疆维吾尔自治区,五家渠市,五家渠
新疆维吾尔自治区,哈密市,哈密
江苏省,南京市,南京
江苏省,常州市,常州
江苏省,盐城市,盐城
江苏省,连云港市,连云港
河北省,邢台市,邢台
河南省,安阳市,安阳
浙江省,温州市,温州
海南省,三沙市,三沙
湖北省,鄂州市,鄂州
湖北省,黄冈市,黄冈
澳门特别行政区,澳门特别行政区,澳门特别行政区
福建省,厦门市,厦门
福建省,宁德市,宁德
贵州省,六盘水市,六盘水
贵州省,安顺市,安顺
贵州省,贵阳市,贵阳
辽宁省,营口市,营口
辽宁省,辽宁省,辽宁省
辽宁省,铁岭市,铁岭
陕西省,西安市,西安
陕西省,铜川市,铜川
云南省,丽江市,丽江
云南省,德宏傣族景颇族自治州,德宏
全球,格鲁吉亚,格鲁吉亚
全球,欧洲地区,欧洲
全球,毛里求斯,毛里求斯
全球,瓦努阿图,瓦努阿图
全球,赞比亚,赞比亚
全球,阿联酋,阿联酋
全球,非洲地区,非洲
全球,马拉维,马拉维
全球,黎巴嫩,黎巴嫩
内蒙古自治区,乌兰察布市,乌兰察布
内蒙古自治区,乌海市,乌海
内蒙古自治区,内蒙古自治区,内蒙古自治区
台湾省,台南市,台南
台湾省,花莲县,花莲县
台湾省,高雄市,高雄
四川省,凉山彝族自治州,凉山
四川省,南充市,南充
四川省,宜宾市,宜宾
四川省,德阳市,德阳
四川省,雅安市,雅安
山东省,德州市,德州
山西省,吕梁市,吕梁
山西省,山西省,山西省
山西省,朔州市,朔州
广东省,云浮市,云浮
新疆维吾尔自治区,昌吉回族自治州,昌吉
新疆维吾尔自治区,阿勒泰地区,阿勒泰
江西省,景德镇市,景德镇
江西省,江西省,江西省
河北省,保定市,保定
河北省,石家庄市,石家庄
河南省,平顶山市,平顶山
河南省,河南省,河南省
海南省,万宁市,万宁
海南省,临高县,临高县
海南省,海口市,海口
湖南省,衡阳市,衡阳
甘肃省,定西市,定西
甘肃省,武威市,武威
福建省,泉州市,泉州
西藏自治区,拉萨市,拉萨
贵州省,黔东南苗族侗族自治州,黔东南苗族侗族自治州
辽宁省,本溪市,本溪
辽宁省,葫芦岛市,葫芦岛
辽宁省,鞍山市,鞍山
陕西省,陕西省,陕西省
云南省,昆明市,昆明
全球,中非,中非
全球,关岛,关岛
全球,匈牙利,匈牙利
全球,博茨瓦纳,博茨瓦纳
全球,哈萨克斯坦,哈萨克斯坦
全球,塞舌尔,塞舌尔
全球,奥地利,奥地利
全球,智利,智利
全球,约旦,约旦
全球,肯尼亚,肯尼亚
全球,贝宁,贝宁
内蒙古自治区,赤峰市,赤峰
内蒙古自治区,鄂尔多斯市,鄂尔多斯
台湾省,彰化县,彰化县
吉林省,四平市,四平
吉林省,长春市,长春
四川省,甘孜藏族自治州,甘孜
安徽省,宿州市,宿州
山东省,东营市,东营
山东省,威海市,威海
山西省,运城市,运城
广西壮族自治区,百色市,百色
新疆维吾尔自治区,图木舒克市,图木舒克
江苏省,南通市,南通
江苏省,江苏省,江苏省
江苏省,苏州市,苏州
江西省,南昌市,南昌
河南省,濮阳市,濮阳
河南省,许昌市,许昌
浙江省,杭州市,杭州
湖北省,荆州市,荆州
湖南省,郴州市,郴州
甘肃省,张掖市,张掖
甘肃省,甘肃省,甘肃省
甘肃省,金昌市,金昌
福建省,福州市,福州
贵州省,毕节市,毕节
贵州省,铜仁市,铜仁
辽宁省,朝阳市,朝阳
辽宁省,盘锦市,盘锦
陕西省,榆林市,榆林
青海省,西宁市,西宁
黑龙江省,鸡西市,鸡西
黑龙江省,鹤岗市,鹤岗
云南省,保山市,保山
云南省,普洱市,普洱
云南省,玉溪市,玉溪
全球,乌干达,乌干达
全球,俄罗斯,俄罗斯
全球,厄瓜多尔,厄瓜多尔
全球,图瓦卢,图瓦卢
全球,尼加拉瓜,尼加拉瓜
全球,巴拿马,巴拿马
全球,斐济群岛,斐济群岛
全球,法国,法国
全球,瑞士,瑞士
全球,留尼汪,留尼汪
全球,科威特,科威特
全球,荷兰,荷兰
全球,萨尔瓦多,萨尔瓦多
全球,西班牙,西班牙
内蒙古自治区,巴彦淖尔市,巴彦淖尔
北京市,北京市,北京
吉林省,吉林省,吉林省
吉林省,白山市,白山
四川省,乐山市,乐山
四川省,眉山市,眉山
四川省,阿坝藏族羌族自治州,阿坝
安徽省,池州市,池州
山西省,忻州市,忻州
广东省,东莞市,东莞
广东省,江门市,江门
广东省,河源市,河源
广东省,潮州市,潮州
广东省,肇庆市,肇庆
新疆维吾尔自治区,石河子市,石河子
江苏省,无锡市,无锡
江苏省,镇江市,镇江
江西省,抚州市,抚州
江西省,新余市,新余
江西省,鹰潭市,鹰潭
河北省,张家口市,张家口
河南省,信阳市,信阳
河南省,南阳市,南阳
河南省,周口市,周口
浙江省,宁波市,宁波
浙江省,衢州市,衢州
海南省,东方市,东方
海南省,定安县,定安县
海南省,文昌市,文昌
海南省,澄迈县,澄迈县
海南省,琼中黎族苗族自治县,琼中黎族苗族自治县
海南省,琼海市,琼海
湖北省,天门市,天门
湖北省,黄石市,黄石
湖南省,湖南省,湖南省
甘肃省,平凉市,平凉
福建省,龙岩市,龙岩
西藏自治区,西藏自治区,西藏自治区
贵州省,黔西南布依族苗族自治州,黔西南布依族苗族自治州
辽宁省,辽阳市,辽阳
重庆市,重庆市,重庆
陕西省,宝鸡市,宝鸡
青海省,青海省,青海省
黑龙江省,绥化市,绥化
云南省,楚雄彝族自治州,楚雄
全球,保加利亚,保加利亚
全球,印尼,印尼
全球,圭亚那,圭亚那
全球,埃塞俄比亚,埃塞俄比亚
全球,基里巴斯,基里巴斯
全球,塞浦路斯,塞浦路斯
全球,孟加拉,孟加拉
全球,尼日利亚,尼日利亚
全球,尼日尔,尼日尔
全球,斯威士兰,斯威士兰
全球,格林纳达,格林纳达
全球,波多黎各,波多黎各
全球,澳大利亚,澳大利亚
全球,美属萨摩亚,美属萨摩亚
全球,萨摩亚,萨摩亚
全球,蒙古国；蒙古,蒙古国
全球,赤道几内亚,赤道几内亚
内蒙古自治区,呼和浩特市,呼和浩特
吉林省,松原市,松原
四川省,成都市,成都
四川省,自贡市,自贡
四川省,达州市,达州
安徽省,合肥市,合肥
安徽省,安徽省,安徽省
安徽省,淮北市,淮北
安徽省,铜陵市,铜陵
安徽省,马鞍山市,马鞍山
山东省,日照市,日照
山东省,济南市,济南
山东省,济宁市,济宁
山东省,聊城市,聊城
山西省,太原市,太原
广东省,广东省,广东省
广东省,珠海市,珠海
广西壮族自治区,柳州市,柳州
新疆维吾尔自治区,克拉玛依市,克拉玛依
江苏省,徐州市,徐州
河北省,沧州市,沧州
河北省,衡水市,衡水
河南省,漯河市,漯河
河南省,焦作市,焦作
浙江省,浙江省,浙江省
浙江省,金华市,金华
湖北省,咸宁市,咸宁
湖北省,孝感市,孝感
湖南省,娄底市,娄底
甘肃省,陇南市,陇南
福建省,福建省,福建省
贵州省,遵义市,遵义
辽宁省,抚顺市,抚顺
辽宁省,沈阳市,沈阳
青海省,海北藏族自治州,海北
青海省,玉树藏族自治州,玉树
黑龙江省,佳木斯市,佳木斯
黑龙江省,齐齐哈尔市,齐齐哈尔
上海市,上海市,上海
云南省,云南省,云南省
全球,伊拉克,伊拉克
全球,利比亚,利比亚
全球,巴基斯坦,巴基斯坦
全球,希腊,希腊
全球,库拉索,库拉索
全球,德国,德国
全球,挪威,挪威
全球,波黑,波黑
全球,牙买加,牙买加
全球,美国,美国
台湾省,云林县,云林县
台湾省,新竹市,新竹
台湾省,苗栗县,苗栗县
吉林省,通化市,通化
四川省,泸州市,泸州
四川省,绵阳市,绵阳
安徽省,六安市,六安
安徽省,蚌埠市,蚌埠
安徽省,黄山市,黄山
山东省,枣庄市,枣庄
广东省,韶关市,韶关
广西壮族自治区,崇左市,崇左
广西壮族自治区,玉林市,玉林
广西壮族自治区,贺州市,贺州
新疆维吾尔自治区,克孜勒苏柯尔克孜自治州,克州
新疆维吾尔自治区,双河市,双河
新疆维吾尔自治区,吐鲁番市,吐鲁番
江西省,上饶市,上饶
浙江省,嘉兴市,嘉兴
海南省,保亭黎族苗族自治县,保亭黎族苗族自治县
海南省,儋州市,儋州
湖北省,仙桃市,仙桃
湖北省,襄阳市,襄阳
湖北省,随州市,随州
湖南省,怀化市,怀化
湖南省,永州市,永州
湖南省,长沙市,长沙
甘肃省,嘉峪关市,嘉峪关
甘肃省,庆阳市,庆阳
甘肃省,甘南藏族自治州,甘南
甘肃省,酒泉市,酒泉
西藏自治区,林芝市,林芝
贵州省,黔南布依族苗族自治州,黔南布依族苗族自治州
辽宁省,阜新市,阜新
陕西省,汉中市,汉中
青海省,果洛藏族自治州,果洛
黑龙江省,双鸭山市,双鸭山
黑龙江省,黑龙江省,黑龙江省
全球,以色列,以色列
全球,佛得角,佛得角
全球,加蓬,加蓬
全球,印度,印度
全球,喀麦隆,喀麦隆
全球,土耳其,土耳其
全球,坦桑尼亚,坦桑尼亚
全球,墨西哥,墨西哥
全球,巴布亚新几内亚,巴布亚新几内亚
全球,巴拉圭,巴拉圭
全球,摩洛哥,摩洛哥
全球,日本,日本
全球,秘鲁,秘鲁
全球,突尼斯,突尼斯
全球,莱索托,莱索托
全球,马达加斯加,马达加斯加
内蒙古自治区,锡林郭勒盟,锡林郭勒盟
台湾省,台中市,台中
台湾省,台湾省,台湾省
台湾省,嘉义市,嘉义
台湾省,澎湖县,澎湖县
吉林省,吉林市,吉林
吉林省,白城市,白城
四川省,四川省,四川省
宁夏回族自治区,吴忠市,吴忠
宁夏回族自治区,石嘴山市,石嘴山
安徽省,亳州市,亳州
安徽省,阜阳市,阜阳
山东省,青岛市,青岛
广西壮族自治区,钦州市,钦州
新疆维吾尔自治区,伊犁哈萨克自治州,伊犁哈萨克自治州
江苏省,扬州市,扬州
江西省,萍乡市,萍乡
江西省,赣州市,赣州
河北省,河北省,河北省
河南省,驻马店市,驻马店
浙江省,舟山市,舟山
海南省,昌江黎族自治县,昌江黎族自治县
湖北省,武汉市,武汉
湖北省,神农架林区,神农架林区
湖南省,张家界市,张家界
青海省,海东市,海东
青海省,海西蒙古族藏族自治州,海西
黑龙江省,哈尔滨市,哈尔滨
黑龙江省,大庆市,大庆
NULL,全球,全球
云南省,大理白族自治州,大理白族自治州
全球,塞拉利昂,塞拉利昂
全球,委内瑞拉,委内瑞拉
全球,安哥拉,安哥拉
全球,文莱,文莱
全球,斯里兰卡,斯里兰卡
全球,新西兰,新西兰
全球,沙特阿拉伯,沙特阿拉伯
全球,波兰,波兰
全球,泰国,泰国
全球,纳米比亚,纳米比亚
全球,缅甸,缅甸
全球,苏丹,苏丹
全球,苏里南,苏里南
全球,菲律宾,菲律宾
全球,阿尔巴尼亚,阿尔巴尼亚
全球,马尔代夫,马尔代夫
台湾省,台北市,台北
台湾省,宜兰县,宜兰县
四川省,内江市,内江
四川省,广元市,广元
四川省,攀枝花市,攀枝花
安徽省,滁州市,滁州
山东省,泰安市,泰安
山东省,潍坊市,潍坊
山东省,菏泽市,菏泽
广东省,佛山市,佛山
广东省,汕头市,汕头
广东省,湛江市,湛江
广东省,阳江市,阳江
广西壮族自治区,来宾市,来宾
广西壮族自治区,梧州市,梧州
新疆维吾尔自治区,博尔塔拉蒙古自治州,博尔塔拉蒙古自治州
新疆维吾尔自治区,塔城地区,塔城
新疆维吾尔自治区,阿拉尔市,阿拉尔
江西省,九江市,九江
河北省,唐山市,唐山
河北省,邯郸市,邯郸
河南省,三门峡市,三门峡
河南省,开封市,开封
河南省,济源市,济源
河南省,鹤壁市,鹤壁
浙江省,丽水市,丽水
浙江省,绍兴市,绍兴
海南省,海南省,海南省
湖北省,宜昌市,宜昌
湖北省,恩施土家族苗族自治州,恩施
湖北省,潜江市,潜江
湖南省,益阳市,益阳
西藏自治区,昌都市,昌都
辽宁省,丹东市,丹东
陕西省,咸阳市,咸阳
陕西省,商洛市,商洛
青海省,海南藏族自治州,海南
黑龙江省,大兴安岭地区,大兴安岭
黑龙江省,牡丹江市,牡丹江
云南省,红河哈尼族彝族自治州,红河
云南省,西双版纳傣族自治州,西双版纳傣族自治州
云南省,迪庆藏族自治州,迪庆
全球,加拿大,加拿大
全球,加纳,加纳
全球,南非,南非
全球,吉尔吉斯斯坦,吉尔吉斯斯坦
全球,埃及,埃及
全球,塞尔维亚,塞尔维亚
全球,尼泊尔,尼泊尔
全球,捷克,捷克
全球,毛里塔尼亚,毛里塔尼亚
全球,玻利维亚,玻利维亚
全球,白俄罗斯,白俄罗斯
全球,科特迪瓦,科特迪瓦
全球,立陶宛,立陶宛
全球,葡萄牙,葡萄牙
全球,阿塞拜疆,阿塞拜疆
全球,阿尔及利亚,阿尔及利亚
内蒙古自治区,包头市,包头
内蒙古自治区,呼伦贝尔市,呼伦贝尔
台湾省,屏东县,屏东县
台湾省,桃园市,桃园
四川省,遂宁市,遂宁
宁夏回族自治区,固原市,固原
宁夏回族自治区,宁夏回族自治区,宁夏回族自治区
山东省,临沂市,临沂
山东省,山东省,山东省
山东省,淄博市,淄博
山西省,临汾市,临汾
山西省,晋中市,晋中
山西省,阳泉市,阳泉
广东省,中山市,中山
广东省,茂名市,茂名
新疆维吾尔自治区,和田地区,和田
河南省,商丘市,商丘
河南省,洛阳市,洛阳
河南省,郑州市,郑州
海南省,三亚市,三亚
湖北省,湖北省,湖北省
湖北省,荆门市,荆门
湖南省,常德市,常德
湖南省,株洲市,株洲
甘肃省,天水市,天水
福建省,漳州市,漳州
西藏自治区,阿里地区,阿里
贵州省,贵州省,贵州省
辽宁省,锦州市,锦州
黑龙江省,七台河市,七台河
黑龙江省,伊春市,伊春
云南省,文山壮族苗族自治州,文山壮族苗族自治州
云南省,昭通市,昭通
云南省,曲靖市,曲靖
全球,东帝汶,东帝汶
全球,乌兹别克斯坦,乌兹别克斯坦
全球,乌拉圭,乌拉圭
全球,乍得,乍得
全球,冰岛,冰岛
全球,卢森堡,卢森堡
全球,塔吉克斯坦,塔吉克斯坦
全球,塞内加尔,塞内加尔
全球,巴哈马,巴哈马
全球,巴巴多斯,巴巴多斯
全球,巴林,巴林
全球,布隆迪,布隆迪
全球,拉脱维亚,拉脱维亚
全球,摩尔多瓦,摩尔多瓦
全球,斯洛伐克,斯洛伐克
全球,斯洛文尼亚,斯洛文尼亚
全球,柬埔寨,柬埔寨
全球,比利时,比利时
全球,瑙鲁,瑙鲁
全球,索马里,索马里
全球,阿根廷,阿根廷
内蒙古自治区,通辽市,通辽
台湾省,南投县,南投县
台湾省,金门县,金门县
吉林省,辽源市,辽源
宁夏回族自治区,中卫市,中卫
安徽省,安庆市,安庆
安徽省,淮南市,淮南
山东省,滨州市,滨州
山西省,大同市,大同
山西省,长治市,长治
广东省,广州市,广州
广东省,汕尾市,汕尾
广东省,深圳市,深圳
广西壮族自治区,北海市,北海
广西壮族自治区,南宁市,南宁
新疆维吾尔自治区,乌鲁木齐市,乌鲁木齐
新疆维吾尔自治区,阿克苏地区,阿克苏
江苏省,宿迁市,宿迁
江苏省,淮安市,淮安
江西省,宜春市,宜春
河北省,廊坊市,廊坊
河北省,秦皇岛市,秦皇岛
河南省,新乡市,新乡
浙江省,台州市,台州
海南省,乐东黎族自治县,乐东黎族自治县
海南省,白沙黎族自治县,白沙黎族自治县
湖北省,十堰市,十堰
湖南省,岳阳市,岳阳
湖南省,湘西土家族苗族自治州,湘西土家族苗族自治州
湖南省,邵阳市,邵阳
甘肃省,临夏回族自治州,临夏
西藏自治区,山南市,山南
西藏自治区,那曲市,那曲
辽宁省,大连市,大连
陕西省,延安市,延安
香港特别行政区,香港特别行政区,香港特别行政区
黑龙江省,黑河市,黑河
